순번,이름,연식,주행거리,연료,배기량,색상,가격,신차대비가격,옵션_선루프,옵션_파노라마선루프,옵션_열선앞,옵션_열선뒤,옵션_전방센서,옵션_후방센서,옵션_전방캠,옵션_후방캠,옵션_어라운드뷰,옵션_네비순정,보험이력등록,소유자변경횟수,사고상세_전손,사고상세_침수전손,사고상세_침수분손,사고상세_도난,보험_내차피해(횟수),보험_내차피해(가격),사고상세_타차가해(횟수),보험_내차피해(가격),보증여부,보증기간,보증거리
0,3,173,160993,2,2656,검정색,2500000,7,1,0,0,0,0,1,0,0,0,0,1,5,0,0,0,0,3,0,6,0,0,0,0
1,3,33,47512,3,2359,흰색,37900000,84,0,0,0,0,0,0,0,0,0,0,1,0,0,0,0,0,0,0,0,0,0,0,0
2,3,64,45269,2,2999,은색,19900000,56,0,0,1,0,1,1,0,1,0,1,1,0,0,0,0,0,0,0,0,0,0,0,0
3,3,123,136334,2,2999,검정색,8500000,21,1,1,1,1,1,1,1,1,0,0,0,0,0,0,0,0,0,0,0,0,0,0,0
4,3,67,54243,2,2999,검정색,26300000,67,1,1,1,1,1,1,1,1,1,1,0,0,0,0,0,0,0,0,0,0,0,0,0
5,3,121,221273,2,2999,검정색,6990000,21,0,0,1,1,1,1,0,1,0,1,1,5,0,0,0,0,2,0,1,0,0,0,0
6,3,28,39994,2,2497,검정색,26000000,77,0,0,0,0,0,0,0,0,0,0,1,1,0,0,0,0,2,0,0,0,0,0,0
7,3,71,55548,2,2999,검정색,19490000,54,0,0,1,1,1,1,0,1,0,1,1,3,0,0,0,0,0,0,0,0,1,60,100000
8,3,125,106369,2,2999,흰색,7290000,20,0,0,0,0,0,0,0,0,0,0,1,3,0,0,0,0,7,0,2,0,0,0,0
9,3,26,57717,2,2359,검정색,33500000,87,0,0,1,1,1,1,0,1,0,1,1,1,0,0,0,0,0,0,0,0,1,60,100000
10,3,29,34000,3,2359,검정색,37000000,82,0,0,1,1,1,1,1,1,1,1,0,0,0,0,0,0,0,0,0,0,0,0,0
11,3,43,53678,2,2999,검정색,15800000,45,1,0,1,1,1,1,1,1,0,1,1,1,0,0,0,0,3,0,1,0,1,60,100000
12,3,69,72626,1,2999,검정색,17000000,58,0,0,1,1,0,1,0,1,0,1,1,1,0,0,0,0,1,0,1,0,0,0,0
13,3,93,154391,0,2199,검정색,8000000,24,0,0,1,1,0,1,0,1,0,1,1,1,0,0,0,0,3,0,2,0,0,0,0
14,3,78,208439,1,2999,검정색,6500000,0,0,0,1,1,0,1,0,1,0,1,1,5,0,0,0,0,3,0,2,0,0,0,0
15,3,171,325833,2,2359,은색,2250000,8,0,0,0,0,0,0,0,0,0,0,1,0,0,0,0,0,0,0,0,0,0,0,0
16,3,37,16555,3,2359,흰색,35500000,0,1,1,1,1,1,1,1,1,1,1,1,0,0,0,0,0,1,0,0,0,1,60,100000
17,3,17,63568,1,2999,진회색,22200000,77,0,0,0,0,1,1,0,1,0,1,1,3,0,0,0,0,1,0,0,0,0,0,0
18,3,64,94308,1,2999,흰색,23500000,70,0,1,1,1,1,1,1,1,1,1,0,0,0,0,0,0,0,0,0,0,0,0,0
19,3,15,11184,2,3342,흰색,31800000,88,0,0,1,1,1,1,0,1,0,1,0,0,0,0,0,0,0,0,0,0,1,60,100000
20,3,173,160993,2,2656,검정색,2500000,7,1,0,0,0,0,1,0,0,0,0,1,5,0,0,0,0,3,0,6,0,0,0,0
21,3,33,47512,3,2359,흰색,37900000,84,0,0,0,0,0,0,0,0,0,0,1,0,0,0,0,0,0,0,0,0,0,0,0
22,3,64,45269,2,2999,은색,19900000,56,0,0,1,0,1,1,0,1,0,1,1,0,0,0,0,0,0,0,0,0,0,0,0
23,3,123,136334,2,2999,검정색,8500000,21,1,1,1,1,1,1,1,1,0,0,0,0,0,0,0,0,0,0,0,0,0,0,0
24,3,67,54243,2,2999,검정색,26300000,67,1,1,1,1,1,1,1,1,1,1,0,0,0,0,0,0,0,0,0,0,0,0,0
25,3,121,221273,2,2999,검정색,6990000,21,0,0,1,1,1,1,0,1,0,1,1,5,0,0,0,0,2,0,1,0,0,0,0
26,3,28,39994,2,2497,검정색,26000000,77,0,0,0,0,0,0,0,0,0,0,1,1,0,0,0,0,2,0,0,0,0,0,0
27,3,71,55548,2,2999,검정색,19490000,54,0,0,1,1,1,1,0,1,0,1,1,3,0,0,0,0,0,0,0,0,1,60,100000
28,3,125,106369,2,2999,흰색,7290000,20,0,0,0,0,0,0,0,0,0,0,1,3,0,0,0,0,7,0,2,0,0,0,0
29,3,26,57717,2,2359,검정색,33500000,87,0,0,1,1,1,1,0,1,0,1,1,1,0,0,0,0,0,0,0,0,1,60,100000
30,3,29,34000,3,2359,검정색,37000000,82,0,0,1,1,1,1,1,1,1,1,0,0,0,0,0,0,0,0,0,0,0,0,0
31,3,43,53678,2,2999,검정색,15800000,45,1,0,1,1,1,1,1,1,0,1,1,1,0,0,0,0,3,0,1,0,1,60,100000
32,3,69,72626,1,2999,검정색,17000000,58,0,0,1,1,0,1,0,1,0,1,1,1,0,0,0,0,1,0,1,0,0,0,0
33,3,93,154391,0,2199,검정색,8000000,24,0,0,1,1,0,1,0,1,0,1,1,1,0,0,0,0,3,0,2,0,0,0,0
34,3,78,208439,1,2999,검정색,6500000,0,0,0,1,1,0,1,0,1,0,1,1,5,0,0,0,0,3,0,2,0,0,0,0
35,3,171,325833,2,2359,은색,2250000,8,0,0,0,0,0,0,0,0,0,0,1,0,0,0,0,0,0,0,0,0,0,0,0
36,3,37,16555,3,2359,흰색,35500000,0,1,1,1,1,1,1,1,1,1,1,1,0,0,0,0,0,1,0,0,0,1,60,100000
37,3,17,63568,1,2999,진회색,22200000,77,0,0,0,0,1,1,0,1,0,1,1,3,0,0,0,0,1,0,0,0,0,0,0
38,3,64,94308,1,2999,흰색,23500000,70,0,1,1,1,1,1,1,1,1,1,0,0,0,0,0,0,0,0,0,0,0,0,0
39,3,15,11184,2,3342,흰색,31800000,88,0,0,1,1,1,1,0,1,0,1,0,0,0,0,0,0,0,0,0,0,1,60,100000
40,3,39,50032,2,3342,흰색,29700000,69,0,1,1,1,1,1,1,1,1,1,0,0,0,0,0,0,0,0,0,0,1,60,100000
41,3,24,44000,1,2999,진주색,26400000,96,0,0,1,0,1,1,0,1,0,1,1,0,0,0,0,0,0,0,0,0,1,60,100000
42,3,58,59000,2,2999,검정색,22900000,63,0,0,1,1,1,1,0,1,0,1,1,2,0,0,0,0,1,0,3,0,1,60,100000
43,3,42,68000,2,2999,검정색,24900000,64,0,0,1,1,1,1,1,1,1,1,1,1,0,0,0,0,0,0,0,0,1,60,100000
44,3,6,750,2,2497,흰색,39900000,0,0,0,1,1,1,1,1,1,1,1,1,2,0,0,0,0,0,0,0,0,1,60,100000
45,3,27,26000,2,2497,흰색,34900000,94,0,0,1,1,1,1,1,1,1,1,1,1,0,0,0,0,0,0,1,0,0,0,0
46,3,54,50000,3,2359,기타색상,28900000,0,0,0,1,1,1,1,1,1,1,1,1,2,0,0,0,0,0,0,0,0,1,60,100000
47,3,84,154000,1,2999,은색,13000000,45,0,0,1,0,1,1,0,1,0,1,0,0,0,0,0,0,0,0,0,0,0,0,0
48,3,22,19000,2,3342,검정색,38000000,86,0,0,1,1,1,1,1,1,1,1,1,0,0,0,0,0,0,0,0,0,1,60,100000
49,3,139,119000,2,2359,흰색,6900000,23,0,0,1,1,1,1,0,0,0,1,1,4,0,0,0,0,9,0,2,0,0,0,0
50,3,28,22268,2,2497,검정색,25990000,77,0,0,1,1,0,1,0,1,0,1,1,3,0,0,0,0,0,0,2,0,0,0,0
51,3,6,2596,2,2497,흰색,99990000,0,0,0,1,1,0,1,0,1,1,1,1,2,0,0,0,0,0,0,0,0,1,60,100000
52,3,121,101139,2,2359,흰색,8990000,30,1,1,1,1,0,1,0,1,0,0,1,0,0,0,0,0,3,0,2,0,0,0,0
53,3,135,97593,2,2359,검정색,6990000,23,0,0,1,1,0,1,0,1,0,1,1,1,0,0,0,0,2,0,3,0,0,0,0
54,3,85,116174,2,2359,검정색,8900000,29,1,1,1,1,1,1,0,1,0,1,1,5,0,0,0,0,6,0,6,0,0,0,0
55,3,63,157505,0,2199,흰색,17600000,47,1,0,1,1,0,1,0,1,1,1,1,0,0,0,0,0,0,0,0,0,0,0,0
56,3,159,15200,2,2656,은색,3000000,9,1,0,1,0,0,0,1,1,0,0,1,0,0,0,0,0,0,0,0,0,0,0,0
57,3,137,183397,2,2999,검정색,5500000,16,1,1,0,1,0,0,0,0,0,0,1,1,0,0,0,0,3,0,1,0,0,0,0
58,3,181,126863,2,2656,검정색,2900000,9,0,0,0,0,0,0,0,0,0,0,1,3,0,0,0,0,4,0,2,0,0,0,0
59,3,203,144607,2,2656,검정색,2500000,8,0,0,0,0,0,0,0,0,0,0,1,2,0,0,0,0,2,0,0,0,0,0,0
60,3,183,179669,2,2656,흰색,2900000,9,0,0,0,0,0,0,0,0,0,0,1,5,0,0,0,0,0,0,4,0,0,0,0
61,3,134,162199,2,2359,검정색,6100000,20,0,0,0,1,0,0,0,0,0,0,1,5,0,0,0,0,8,0,0,0,0,0,0
62,3,77,215757,1,2999,검정색,7500000,0,0,0,1,1,0,1,0,1,0,1,1,3,0,0,0,0,2,0,1,0,0,0,0
63,3,125,149110,2,2359,검정색,4800000,16,0,1,1,1,1,1,0,1,0,0,1,7,0,0,0,0,9,0,4,0,0,0,0
64,3,57,70000,2,2359,흰색,14700000,47,1,1,1,1,1,1,0,1,0,1,1,0,0,0,0,0,0,0,0,0,1,60,100000
65,3,33,48706,2,3342,검정색,29400000,80,0,0,0,0,0,0,0,0,0,0,1,1,0,0,0,0,0,0,0,0,0,0,0
66,3,2,5656,3,2359,흰색,36300000,89,0,0,0,0,0,0,0,0,0,0,1,2,0,0,0,0,1,0,0,0,1,60,100000
67,3,30,51185,3,2359,검정색,36990000,82,0,0,0,0,0,0,0,0,0,0,1,1,0,0,0,0,3,0,0,0,0,0,0
68,3,28,41603,2,2497,검정색,30800000,83,0,0,0,0,0,0,0,0,0,0,1,1,0,0,0,0,0,0,0,0,0,0,0
69,3,31,49333,2,2497,검정색,29700000,88,1,1,0,0,0,0,0,0,0,0,1,1,0,0,0,0,2,0,0,0,0,0,0
70,3,48,36300,2,2497,회색,32990000,0,0,0,0,0,0,0,0,0,0,0,1,0,0,0,0,0,0,0,0,0,0,0,0
71,3,84,56340,1,2999,흰색,22600000,67,1,1,0,0,0,0,0,0,0,0,1,4,0,0,0,0,1,0,0,0,0,0,0
72,3,40,72369,3,2359,검정색,23500000,63,0,0,1,1,1,1,0,1,0,1,1,2,0,0,0,0,0,0,0,0,1,60,100000
73,3,14,37385,2,2497,진회색,32600000,88,0,0,1,1,1,1,1,1,1,1,1,3,0,0,0,0,3,0,0,0,1,60,100000
74,3,84,77453,2,2999,검정색,16990000,62,1,1,1,1,1,1,0,1,0,1,1,1,0,0,0,0,1,0,0,0,0,0,0
75,3,113,90129,2,3342,검정색,8990000,22,0,0,1,1,1,1,1,1,1,1,1,6,0,0,0,0,2,0,2,0,0,0,0
76,3,51,78179,2,2359,회색,14500000,46,0,0,1,1,1,1,0,1,0,1,1,5,0,0,0,0,1,0,4,0,1,60,100000
77,3,120,95522,2,2359,흰색,13500000,45,0,1,1,1,0,1,0,1,0,1,1,1,0,0,0,0,3,0,1,0,0,0,0
78,3,63,74509,2,2359,검정색,17500000,56,0,0,1,1,1,1,0,1,0,1,1,1,0,0,0,0,0,0,0,0,0,0,0
79,3,136,69884,2,2999,검정색,8990000,27,0,1,1,1,0,1,0,1,0,1,1,4,0,0,0,0,5,0,2,0,0,0,0
80,3,52,57751,0,2199,검정색,16800000,47,0,0,1,1,1,1,0,1,0,1,1,1,0,0,0,0,9,0,11,0,1,60,100000
81,3,121,100000,1,2999,흰색,7900000,0,0,1,1,1,1,1,0,1,0,0,1,6,0,0,0,0,5,0,1,0,0,0,0
82,3,129,152000,1,2999,검정색,6000000,0,0,0,1,1,1,1,0,1,0,0,1,0,0,0,0,0,0,0,0,0,0,0,0
83,3,97,147000,3,2359,검정색,8800000,24,0,0,1,1,1,1,0,1,0,1,1,4,1,0,0,0,1,0,1,0,0,0,0
84,3,101,127000,3,2359,흰색,8500000,22,1,1,1,0,1,1,0,1,1,1,1,6,1,0,0,0,3,0,2,0,0,0,0
85,3,117,119000,2,2999,검정색,5900000,18,0,0,1,1,0,1,0,1,0,0,1,6,1,0,0,0,3,0,2,0,0,0,0
86,3,61,80000,1,2999,흰색,16500000,56,0,0,1,1,1,1,0,1,0,1,1,1,0,0,0,0,1,0,0,0,0,0,0
87,3,139,155500,2,2359,검정색,4200000,14,0,0,0,1,1,1,0,1,0,0,1,0,0,0,0,0,6,0,3,0,0,0,0
88,3,52,63599,2,2999,진회색,21400000,59,0,0,1,1,1,1,0,1,0,1,1,1,0,0,0,0,2,0,0,0,1,60,100000
89,3,193,148586,2,2656,검정색,1490000,5,0,0,0,0,0,0,0,0,0,0,1,4,0,0,0,0,5,0,6,0,0,0,0
90,3,144,124431,1,2999,흰색,7900000,0,1,1,1,1,1,1,0,1,0,1,1,7,0,0,0,0,8,0,3,0,0,0,0
91,3,129,111068,2,2999,흰색,5600000,14,0,1,1,1,1,1,0,1,0,1,1,3,0,0,0,0,6,0,1,0,0,0,0
92,3,106,136659,3,2359,검정색,8400000,22,0,1,1,1,1,1,0,1,0,1,1,5,0,0,0,0,2,0,1,0,0,0,0
93,3,79,105750,1,2999,흰색,8300000,0,0,1,1,1,1,1,0,1,0,1,1,4,0,0,0,0,1,0,0,0,0,0,0
94,3,65,119876,2,2999,흰색,14990000,41,0,1,1,1,1,1,0,1,0,1,1,3,0,0,0,0,3,0,0,0,0,0,0
95,3,111,131412,2,2999,흰색,8700000,24,0,0,0,0,0,0,0,0,0,0,1,5,0,0,0,0,5,0,3,0,0,0,0
96,3,133,157441,2,2999,은색,6300000,17,1,1,1,1,0,0,0,0,0,1,1,4,0,0,0,0,3,0,2,0,0,0,0
97,3,103,111120,2,2359,검정색,8700000,29,0,0,0,1,1,1,0,1,0,1,1,2,0,0,0,0,7,0,4,0,0,0,0
98,3,116,119169,2,2359,검정색,7990000,26,0,0,0,0,0,0,0,0,0,0,1,0,0,0,0,0,0,0,0,0,0,0,0
99,3,85,113465,2,2359,검정색,9800000,32,1,1,1,1,1,1,0,1,0,1,1,5,0,0,0,0,3,0,2,0,0,0,0
100,3,81,134143,2,2359,흰색,9500000,30,0,0,1,1,1,1,0,1,0,1,1,2,0,0,0,0,3,0,2,0,0,0,0
101,3,142,120856,2,2359,흰색,6800000,22,0,0,0,0,0,0,0,0,0,0,1,3,0,0,0,0,6,0,2,0,0,0,0
102,3,111,76579,2,2359,검정색,8990000,30,0,0,0,1,1,1,0,1,0,0,1,2,0,0,0,0,5,0,6,0,0,0,0
103,3,69,110554,2,3342,진회색,17990000,43,1,1,1,1,1,1,1,1,1,1,1,0,0,0,0,0,0,0,0,0,0,0,0
104,3,106,132231,1,2999,검정색,8990000,0,0,0,0,0,0,0,0,0,0,0,1,7,0,0,0,0,6,0,4,0,0,0,0
105,3,61,11211,2,2999,검정색,23990000,61,1,1,0,1,1,1,0,1,1,1,1,2,0,0,0,0,2,0,3,0,0,0,0
106,3,45,80563,1,2999,진회색,17700000,67,0,0,0,0,0,0,0,0,0,0,1,2,0,0,0,0,2,0,0,0,1,60,100000
107,3,170,362000,1,2656,검정색,2000000,86,0,0,0,0,0,0,0,1,0,0,1,0,0,0,0,0,0,0,0,0,0,0,0
108,3,90,176615,3,2359,청옥색,12880000,34,0,0,1,0,0,1,0,1,0,1,0,0,0,0,0,0,0,0,0,0,0,0,0
109,3,29,44839,3,2359,진청색,35900000,94,0,0,1,1,1,1,1,1,1,1,0,0,0,0,0,0,0,0,0,0,1,60,100000
110,3,40,37663,2,2359,진회색,24500000,75,0,0,1,1,1,1,0,1,0,1,1,1,0,0,0,0,0,0,0,0,1,60,100000
111,3,18,17145,2,2497,흰색,34100000,0,0,0,1,1,1,1,1,1,1,1,1,1,0,0,0,0,0,0,0,0,1,60,100000
112,3,33,30500,2,2497,진회색,2200000,0,0,0,1,1,0,1,1,1,1,1,1,0,0,0,0,0,0,0,0,0,0,0,0
113,3,136,110000,2,2359,흰색,7990000,26,0,0,0,1,0,0,0,0,0,0,1,2,0,0,0,0,7,0,4,0,0,0,0
114,3,135,97000,2,2359,흰색,8790000,29,0,0,0,1,0,0,0,0,0,0,1,1,0,0,0,0,1,0,1,0,0,0,0
115,3,50,32700,2,2359,남색,23500000,75,1,0,1,1,1,1,0,1,0,1,1,0,0,0,0,0,0,0,0,0,0,0,0
116,3,5,15000,2,2497,흰색,1000000,0,1,1,1,1,1,1,1,1,1,1,1,0,0,0,0,0,0,0,0,0,1,60,100000
117,3,172,149000,2,2656,검정색,2800000,0,0,0,0,0,0,0,0,0,0,0,1,2,0,0,0,0,5,0,2,0,0,0,0
118,3,139,141582,2,2359,흰색,7700000,25,0,0,0,0,0,0,0,0,0,0,1,4,0,0,0,0,1,0,0,0,0,0,0
119,3,139,167238,1,2999,검정색,5200000,0,0,0,0,0,0,0,0,0,0,0,1,4,0,0,0,0,6,0,2,0,0,0,0
120,3,168,74295,2,2656,검정색,3300000,10,0,0,0,0,0,0,0,0,0,0,1,6,1,0,0,0,5,0,1,0,0,0,0
121,3,103,160000,3,2359,흰색,10900000,29,1,1,0,1,1,1,0,1,1,1,1,4,0,0,0,0,0,0,0,0,0,0,0
122,3,49,58000,2,2359,회색,21800000,67,1,0,1,1,1,1,0,1,0,1,1,0,0,0,0,0,0,0,0,0,1,60,100000
123,3,136,188000,2,2999,흰색,6300000,19,0,0,0,0,0,0,0,0,0,0,0,0,0,0,0,0,0,0,0,0,0,0,0
124,3,122,233000,2,2999,검정색,5900000,15,0,1,1,1,1,1,1,1,0,1,0,0,0,0,0,0,0,0,0,0,0,0,0
125,3,58,26416,1,2999,검정색,27300000,81,1,1,1,1,1,1,1,1,1,1,0,0,0,0,0,0,0,0,0,0,1,60,100000
126,3,88,58000,4,2359,검정색,18500000,49,0,1,1,1,1,1,1,1,1,1,1,0,0,0,0,0,0,0,0,0,0,0,0
127,3,29,52000,2,2497,흰색,27500000,81,0,0,1,1,1,1,0,1,0,1,1,0,0,0,0,0,0,0,0,0,0,0,0
128,3,80,89076,1,2999,검정색,11200000,0,0,0,0,0,0,0,0,0,0,0,1,1,0,0,0,0,2,0,0,0,0,0,0
129,3,68,110518,3,2359,진회색,19500000,52,0,0,1,1,1,1,0,1,0,1,1,0,0,0,0,0,0,0,0,0,0,0,0
130,3,63,135300,2,2359,검정색,12500000,39,0,0,0,1,0,0,0,0,0,1,1,0,0,0,0,0,0,0,0,0,0,0,0
131,3,130,155610,2,2999,회색,5400000,16,0,0,0,0,0,0,0,0,0,0,1,4,0,0,0,0,1,0,2,0,0,0,0
132,3,64,70640,2,2999,검정색,14000000,35,0,0,1,1,1,1,1,1,1,1,1,2,1,0,0,0,5,0,2,0,0,0,0
133,3,53,46530,3,2359,검정색,22500000,60,0,0,1,1,1,1,0,1,0,1,1,1,0,0,0,0,3,0,1,0,1,60,100000
134,3,130,132234,2,2359,검정색,6900000,23,0,0,0,0,0,0,0,0,0,0,1,1,0,0,0,0,4,0,2,0,0,0,0
135,3,26,66011,3,2359,검정색,33000000,86,0,0,1,1,1,1,0,1,0,1,1,0,0,0,0,0,0,0,0,0,1,60,100000
136,3,70,82975,1,2999,흰색,16990000,64,0,0,0,0,0,0,0,0,0,0,1,2,0,0,0,0,1,0,0,0,0,0,0
137,3,109,85000,2,2359,흰색,9900000,33,0,0,0,0,0,0,0,0,0,0,0,0,0,0,0,0,0,0,0,0,0,0,0
138,3,89,217883,2,2359,검정색,8900000,29,1,1,1,1,1,1,0,1,0,1,0,0,0,0,0,0,0,0,0,0,0,0,0
139,3,56,121321,1,2999,검정색,16700000,57,1,0,1,1,1,1,0,1,0,1,1,1,0,0,0,0,0,0,2,0,1,60,100000
140,3,56,60500,3,2999,흰색,22000000,75,1,0,1,0,1,1,0,1,0,1,1,0,0,0,0,0,0,0,0,0,1,60,100000
141,3,188,165400,1,2656,흰색,2600000,1,0,0,1,1,0,1,0,1,0,0,0,0,0,0,0,0,0,0,0,0,0,0,0
142,3,61,120000,2,2359,흰색,17500000,55,1,1,1,1,1,1,0,1,0,1,1,3,0,0,0,0,3,0,3,0,0,0,0
143,3,79,137100,0,2199,검정색,11000000,34,0,0,1,0,1,1,0,1,0,1,1,0,0,0,0,0,0,0,0,0,0,0,0
144,3,21,13050,2,3342,진청색,38000000,96,0,0,1,1,1,1,1,1,1,1,1,0,0,0,0,0,0,0,0,0,1,60,100000
145,3,63,70534,2,2999,검정색,22050000,56,1,1,1,1,1,1,0,1,1,1,1,2,0,0,0,0,3,0,1,0,0,0,0
146,3,31,80690,2,2497,검정색,26500000,78,0,0,1,1,1,1,0,1,0,1,1,1,0,0,0,0,0,0,1,0,0,0,0
147,3,28,109352,2,2497,흰색,31800000,0,1,1,1,1,1,1,1,1,1,1,1,0,0,0,0,0,5,0,1,0,0,0,0
148,3,63,109000,2,2999,검정색,[계약,54,1,1,1,1,1,1,1,1,1,1,1,1,0,0,0,0,1,0,0,0,0,0,0
149,3,49,92170,2,2999,검정색,21300000,59,1,1,1,1,1,1,0,1,1,1,1,2,0,0,0,0,2,0,0,0,1,60,100000
150,3,43,14983,2,2359,흰색,23900000,73,0,0,0,0,0,0,0,0,0,0,0,0,0,0,0,0,0,0,0,0,0,0,0
151,3,62,60627,2,2999,흰색,27000000,69,1,1,1,1,1,1,1,1,1,1,1,0,0,0,0,0,0,0,0,0,0,0,0
152,3,27,17900,4,2359,흰색,41500000,92,1,1,1,1,1,1,1,1,1,1,1,0,0,0,0,0,0,0,0,0,0,0,0
153,3,191,132949,2,2359,은색,2490000,9,0,0,1,0,0,1,0,1,0,0,1,5,0,0,0,0,5,0,1,0,0,0,0
154,3,177,165000,1,2656,검정색,3000000,14,0,0,0,0,0,0,0,0,0,0,1,0,0,0,0,0,0,0,0,0,0,0,0
155,3,37,57778,2,2999,검정색,23900000,68,0,0,1,1,1,1,0,1,0,1,1,1,0,0,0,0,0,0,0,0,1,60,100000
156,3,39,61250,2,2359,흰색,10000,0,1,0,1,1,1,1,0,1,0,1,1,0,0,0,0,0,0,0,0,0,0,0,0
157,3,51,167192,2,2359,검정색,14300000,44,0,0,0,0,1,1,0,1,0,0,1,3,0,0,0,0,1,0,1,0,1,60,100000
158,3,69,76624,2,2359,검정색,17900000,55,1,0,1,1,1,1,0,1,0,1,0,0,0,0,0,0,0,0,0,0,1,60,100000
159,3,103,100732,3,2359,검정색,11900000,32,1,1,0,1,1,1,0,1,1,1,0,0,0,0,0,0,0,0,0,0,0,0,0
160,3,63,136266,1,2999,검정색,16900000,57,0,0,1,1,1,1,0,1,0,1,0,0,0,0,0,0,0,0,0,0,1,60,100000
161,3,134,128385,2,2999,은색,8990000,23,1,1,0,1,1,1,1,1,0,0,0,0,0,0,0,0,0,0,0,0,0,0,0
162,3,109,157250,2,2999,검정색,9300000,25,0,1,1,1,0,1,0,1,0,1,0,0,0,0,0,0,0,0,0,0,0,0,0
163,3,123,214175,2,2359,검정색,5990000,20,0,0,1,1,1,1,0,1,0,1,0,0,0,0,0,0,0,0,0,0,0,0,0
164,3,122,163000,1,2999,검정색,8500000,0,0,1,1,1,1,1,0,1,0,1,1,0,0,0,0,0,0,0,0,0,0,0,0
165,3,48,34000,4,2359,진회색,40500000,90,0,1,1,1,1,1,1,1,1,1,1,0,0,0,0,0,0,0,0,0,0,0,0
166,3,23,14500,1,2999,흰색,31000000,92,0,0,1,1,1,1,1,1,0,1,1,0,0,0,0,0,0,0,0,0,1,60,100000
167,3,129,2300000,2,2999,검정색,7000000,15,0,0,1,1,1,1,1,1,0,1,1,0,0,0,0,0,0,0,0,0,0,0,0
168,3,99,158000,2,2359,연금색,7500000,25,0,0,1,0,1,1,0,1,1,1,1,0,0,0,0,0,0,0,0,0,0,0,0
169,3,27,22222,2,2497,기타색상,33000000,0,0,0,1,1,1,1,1,1,1,1,1,0,0,0,0,0,0,0,0,0,0,0,0
170,3,27,53400,4,2359,기타색상,38000000,84,0,0,0,0,0,0,0,0,0,1,1,0,0,0,0,0,0,0,0,0,0,0,0
171,3,62,113000,2,2999,남색,19000000,54,0,0,1,1,1,1,1,1,1,1,1,0,0,0,0,0,0,0,0,0,0,0,0
172,3,417,280000,2,1997,검정색,20000000,0,0,0,0,0,0,0,0,0,0,0,1,0,0,0,0,0,0,0,0,0,0,0,0
173,3,33,56000,1,2999,흰색,14600000,0,0,0,1,0,0,1,0,1,0,0,0,0,0,0,0,0,0,0,0,0,0,0,0
174,3,19,2400,2,2497,검정색,40500000,97,0,0,1,1,1,1,1,1,1,1,0,0,0,0,0,0,0,0,0,0,1,60,100000
175,3,59,75276,2,2999,검정색,21990000,62,0,0,1,1,1,1,0,1,0,1,1,3,0,0,0,0,0,0,1,0,1,60,100000
176,3,87,127500,2,2359,파란색,14800000,49,1,0,0,1,1,1,0,1,0,1,0,0,0,0,0,0,0,0,0,0,0,0,0
177,3,63,87500,1,2999,검정색,18990000,65,0,0,1,1,1,1,0,1,0,1,0,0,0,0,0,0,0,0,0,0,0,0,0
178,3,187,64743,2,2656,검정색,3600000,12,1,0,0,0,0,0,0,0,0,0,0,0,0,0,0,0,0,0,0,0,0,0,0
179,3,141,164729,2,3342,검정색,6700000,15,0,1,1,1,1,1,1,1,1,1,0,0,0,0,0,0,0,0,0,0,0,0,0
180,3,366,256000,2,1997,회색,15000000,0,0,0,0,0,0,0,0,0,0,0,0,0,0,0,0,0,0,0,0,0,0,0,0
181,3,77,202000,2,2359,검정색,9000000,30,0,0,1,1,1,1,0,1,0,1,0,0,0,0,0,0,0,0,0,0,0,0,0
182,3,386,208000,2,1997,갈색,10000000,0,0,0,0,0,0,0,1,1,0,0,1,0,0,0,0,0,0,0,0,0,0,0,0
183,3,52,62000,2,2359,흰색 (블랙 무광랩핑),25200000,74,1,1,1,1,1,1,1,1,1,1,0,0,0,0,0,0,0,0,0,0,0,0,0
184,3,113,110000,2,2999,검정색,12000000,36,0,0,0,0,0,0,0,0,0,0,0,0,0,0,0,0,0,0,0,0,0,0,0
185,1,180,157237,0,2497,흰색,6500000,37,0,0,0,0,0,0,0,0,0,0,1,0,0,0,0,0,2,0,2,0,0,0,0
186,3,51,16086,0,2497,회색,17600000,76,0,0,0,0,0,0,0,0,0,0,1,1,0,0,0,0,0,0,0,0,0,0,0
187,3,59,88156,0,2497,회색,16300000,68,0,0,0,0,0,0,0,0,0,0,1,4,0,0,0,0,1,0,1,0,0,0,0
188,1,108,83923,0,2497,진회색,13490000,0,0,0,1,0,0,1,0,0,0,0,1,4,0,0,0,0,1,0,1,0,0,0,0
189,3,54,143611,0,2497,검정색,17600000,70,0,0,1,0,0,1,0,1,0,1,1,0,0,0,0,0,3,0,0,0,0,0,0
190,1,85,207525,0,2497,회색,7990000,38,0,0,1,0,0,1,0,1,0,0,1,0,0,0,0,0,2,0,2,0,0,0,0
191,1,133,85890,0,2497,은하늘색,11900000,54,0,0,1,0,0,1,0,1,0,0,1,0,0,0,0,0,0,0,0,0,0,0,0
192,1,87,296283,0,2497,은색,7200000,37,0,0,0,0,0,1,0,0,0,0,1,1,0,0,0,0,0,0,1,0,0,0,0
193,1,150,65000,0,2497,검정색,9300000,41,1,1,1,0,0,1,0,1,0,0,1,0,0,0,0,0,0,0,0,0,0,0,0
194,1,171,162859,0,2497,은색,4790000,21,0,0,0,0,0,0,0,0,0,0,1,2,0,0,0,0,7,0,2,0,0,0,0
195,3,20,5761,0,2497,흰색,73400000,0,0,0,1,0,0,1,1,1,1,0,0,0,0,0,0,0,0,0,0,0,0,0,0
196,1,171,207211,0,2497,검정색,4600000,21,1,0,1,0,0,1,0,0,0,0,1,0,1,0,0,0,9,0,6,0,0,0,0
197,1,127,176512,0,2497,흰색,5600000,25,0,0,1,0,0,1,0,1,0,0,1,3,0,0,0,0,1,0,0,0,0,0,0
198,1,143,104154,0,2497,은색,6000000,27,0,0,1,0,0,1,0,1,0,0,1,3,0,0,0,0,3,0,2,0,0,0,0
199,1,164,122500,0,2497,회색,5900000,28,0,0,0,0,0,0,0,0,0,0,1,2,0,0,0,0,8,0,4,0,0,0,0
200,1,136,125100,0,2497,회색,5900000,28,0,0,1,0,0,1,0,1,0,0,1,5,0,0,0,0,1,0,3,0,0,0,0
201,3,30,11331,0,2497,흰색,42500000,0,0,0,1,0,0,1,0,1,0,1,1,2,0,0,0,0,0,0,0,0,0,0,0
202,1,168,330000,0,2497,은색,3500000,17,0,0,1,0,0,1,0,0,0,0,1,9,0,0,0,0,4,0,4,0,0,0,0
203,1,136,148968,0,2497,은색,4500000,21,0,0,1,0,0,1,0,0,0,0,1,2,0,0,0,0,5,0,8,0,0,0,0
204,1,89,96183,0,2497,검정색,8500000,38,0,0,0,0,0,0,0,0,0,0,1,0,0,0,0,0,0,0,0,0,0,0,0
205,1,180,157237,0,2497,흰색,6500000,37,0,0,0,0,0,0,0,0,0,0,1,0,0,0,0,0,2,0,2,0,0,0,0
206,3,51,16086,0,2497,회색,17600000,76,0,0,0,0,0,0,0,0,0,0,1,1,0,0,0,0,0,0,0,0,0,0,0
207,3,59,88156,0,2497,회색,16300000,68,0,0,0,0,0,0,0,0,0,0,1,4,0,0,0,0,1,0,1,0,0,0,0
208,1,108,83923,0,2497,진회색,13490000,0,0,0,1,0,0,1,0,0,0,0,1,4,0,0,0,0,1,0,1,0,0,0,0
209,3,54,143611,0,2497,검정색,17600000,70,0,0,1,0,0,1,0,1,0,1,1,0,0,0,0,0,3,0,0,0,0,0,0
210,1,85,207525,0,2497,회색,7990000,38,0,0,1,0,0,1,0,1,0,0,1,0,0,0,0,0,2,0,2,0,0,0,0
211,1,133,85890,0,2497,은하늘색,11900000,54,0,0,1,0,0,1,0,1,0,0,1,0,0,0,0,0,0,0,0,0,0,0,0
212,1,87,296283,0,2497,은색,7200000,37,0,0,0,0,0,1,0,0,0,0,1,1,0,0,0,0,0,0,1,0,0,0,0
213,1,150,65000,0,2497,검정색,9300000,41,1,1,1,0,0,1,0,1,0,0,1,0,0,0,0,0,0,0,0,0,0,0,0
214,1,171,162859,0,2497,은색,4790000,21,0,0,0,0,0,0,0,0,0,0,1,2,0,0,0,0,7,0,2,0,0,0,0
215,3,20,5761,0,2497,흰색,73400000,0,0,0,1,0,0,1,1,1,1,0,0,0,0,0,0,0,0,0,0,0,0,0,0
216,1,171,207211,0,2497,검정색,4600000,21,1,0,1,0,0,1,0,0,0,0,1,0,1,0,0,0,9,0,6,0,0,0,0
217,1,127,176512,0,2497,흰색,5600000,25,0,0,1,0,0,1,0,1,0,0,1,3,0,0,0,0,1,0,0,0,0,0,0
218,1,143,104154,0,2497,은색,6000000,27,0,0,1,0,0,1,0,1,0,0,1,3,0,0,0,0,3,0,2,0,0,0,0
219,1,164,122500,0,2497,회색,5900000,28,0,0,0,0,0,0,0,0,0,0,1,2,0,0,0,0,8,0,4,0,0,0,0
220,1,136,125100,0,2497,회색,5900000,28,0,0,1,0,0,1,0,1,0,0,1,5,0,0,0,0,1,0,3,0,0,0,0
221,3,30,11331,0,2497,흰색,42500000,0,0,0,1,0,0,1,0,1,0,1,1,2,0,0,0,0,0,0,0,0,0,0,0
222,1,168,330000,0,2497,은색,3500000,17,0,0,1,0,0,1,0,0,0,0,1,9,0,0,0,0,4,0,4,0,0,0,0
223,1,136,148968,0,2497,은색,4500000,21,0,0,1,0,0,1,0,0,0,0,1,2,0,0,0,0,5,0,8,0,0,0,0
224,1,89,96183,0,2497,검정색,8500000,38,0,0,0,0,0,0,0,0,0,0,1,0,0,0,0,0,0,0,0,0,0,0,0
225,1,104,100723,0,2497,은색,7990000,38,0,0,1,0,0,1,0,1,0,0,1,4,0,0,0,0,3,0,2,0,0,0,0
226,1,126,179000,0,2497,은색,4990000,23,0,0,1,0,0,1,0,1,0,0,1,0,0,0,0,0,0,0,0,0,0,0,0
227,1,196,143855,0,2497,은색투톤,2500000,14,0,0,1,0,0,1,0,0,0,0,1,0,0,0,0,0,0,0,0,0,0,0,0
228,1,80,118000,0,2497,검정색,23800000,0,0,0,1,0,0,1,0,1,0,0,0,0,0,0,0,0,0,0,0,0,0,0,0
229,1,97,148000,0,2497,노란색,10880000,0,0,0,0,0,0,0,0,0,0,0,0,0,0,0,0,0,0,0,0,0,0,0,0
230,1,153,135000,0,2497,검정색,16800000,0,0,0,1,0,0,1,0,1,0,0,0,0,0,0,0,0,0,0,0,0,0,0,0
231,1,68,172720,0,2497,흰색,24800000,0,0,0,1,0,0,1,0,1,0,0,0,0,0,0,0,0,0,0,0,0,0,0,0
232,1,97,136480,0,2497,회색,27800000,0,0,0,1,0,0,1,0,1,0,0,0,0,0,0,0,0,0,0,0,0,0,0,0
233,1,142,179710,0,2497,검정색,19950000,0,0,0,1,0,0,1,0,1,0,0,0,0,0,0,0,0,0,0,0,0,0,0,0
234,1,87,229210,0,2497,흰색,24800000,0,0,0,1,0,0,1,0,1,0,0,0,0,0,0,0,0,0,0,0,0,0,0,0
235,1,111,120430,0,2497,청옥색,22800000,0,0,0,0,0,0,0,0,0,0,0,0,0,0,0,0,0,0,0,0,0,0,0,0
236,1,122,227118,0,2497,은색,6300000,0,0,0,1,0,0,1,0,1,0,0,1,5,0,0,0,0,1,0,1,0,0,0,0
237,1,162,261319,0,2497,검정색,4700000,22,0,0,0,0,0,0,0,0,0,0,1,9,0,0,0,0,4,0,2,0,0,0,0
238,1,150,86610,0,2497,은색,6600000,38,0,0,0,0,0,0,0,0,0,0,1,2,0,0,0,0,0,0,6,0,0,0,0
239,1,137,251787,0,2497,흰색,5500000,28,0,0,0,0,0,0,0,0,0,0,1,4,0,0,0,0,2,0,3,0,0,0,0
240,3,58,119000,0,2497,은색,13600000,56,0,0,0,0,0,0,0,0,0,0,1,1,0,0,0,0,3,0,0,0,0,0,0
241,3,52,71000,0,2497,흰색,17900000,77,0,0,0,0,0,0,0,0,0,0,1,2,0,0,0,0,5,0,2,0,0,0,0
242,3,47,96000,0,2497,은색,16200000,67,0,0,0,0,0,0,0,0,0,0,1,0,0,0,0,0,0,0,0,0,0,0,0
243,1,167,223000,0,2497,은색,5400000,28,0,0,0,0,0,0,0,0,0,0,1,1,0,0,0,0,0,0,0,0,0,0,0
244,1,208,190000,0,2476,흰색투톤,13990000,0,0,0,0,0,0,0,0,0,0,0,1,0,0,0,0,0,0,0,0,0,0,0,0
245,1,171,85206,0,2497,은색,19000000,0,0,0,0,0,0,0,0,0,0,0,1,0,0,0,0,0,0,0,0,0,0,0,0
246,1,198,190000,0,2476,흰색투톤,13990000,0,0,0,0,0,0,0,0,0,0,0,1,0,0,0,0,0,0,0,0,0,0,0,0
247,1,124,338328,1,2359,진회색,5990000,0,0,0,0,0,0,0,0,0,0,0,1,0,0,0,0,0,3,0,5,0,0,0,0
248,1,80,85220,0,2497,진회색,12900000,0,0,0,0,0,0,0,0,0,0,0,1,2,0,0,0,0,2,0,3,0,0,0,0
249,1,80,288000,0,2497,검정색,9800000,0,0,0,0,0,0,0,0,0,0,0,1,3,0,0,0,0,3,0,2,0,0,0,0
250,1,92,243844,0,2497,진회색,7700000,39,0,0,0,0,0,0,0,0,0,0,1,1,0,0,0,0,3,0,4,0,0,0,0
251,1,52,151221,1,2359,진회색,15900000,0,0,0,0,0,0,0,0,0,0,0,1,3,0,0,0,0,3,0,0,0,0,0,0
252,1,82,86663,0,2497,노란색,14500000,0,0,0,1,0,0,1,0,1,0,0,0,0,0,0,0,0,0,0,0,0,0,0,0
253,1,110,84508,0,2497,검정색,11900000,54,0,0,1,0,0,1,0,1,0,0,0,0,0,0,0,0,0,0,0,0,0,0,0
254,3,39,44393,0,2497,남색,43000000,152,0,0,1,0,0,1,0,1,0,0,0,0,0,0,0,0,0,0,0,0,0,0,0
255,1,134,134255,0,2497,은색,24000000,0,0,0,0,0,0,0,0,0,0,0,1,0,0,0,0,0,0,0,0,0,0,0,0
256,1,100,77588,0,2497,흰색,35000000,0,0,0,1,0,1,1,1,0,0,0,0,0,0,0,0,0,0,0,0,0,0,0,0
257,3,33,28996,0,2497,흰색,45000000,159,0,0,1,0,0,0,1,1,0,0,0,0,0,0,0,0,0,0,0,0,0,0,0
258,1,128,159000,0,2497,흰색,3700000,0,0,0,0,0,0,1,0,0,0,0,0,0,0,0,0,0,0,0,0,0,0,0,0
259,1,112,189000,0,2497,흰색,24500000,0,0,0,1,0,0,1,0,1,0,0,0,0,0,0,0,0,0,0,0,0,0,0,0
260,1,155,163000,0,2497,은색,7200000,0,0,0,0,0,0,0,0,0,0,0,0,0,0,0,0,0,0,0,0,0,0,0,0
261,1,113,301000,0,2497,은색,4700000,24,0,0,0,0,0,0,0,0,0,0,1,1,0,0,0,0,2,0,0,0,0,0,0
262,3,55,118924,0,2497,흰색,15800000,68,0,0,0,0,0,0,0,0,0,0,1,1,0,0,0,0,0,0,3,0,0,0,0
263,1,122,142039,0,2497,회색,8000000,41,0,0,0,0,0,0,0,0,0,0,1,6,0,0,0,0,5,0,4,0,0,0,0
264,1,100,57051,0,2497,회색,11000000,0,0,0,0,0,0,0,0,0,0,0,1,0,0,0,0,0,0,0,0,0,0,0,0
265,3,14,32044,0,2497,흰색,34500000,0,0,0,0,0,0,0,0,0,0,0,0,0,0,0,0,0,0,0,0,0,0,0,0
266,1,114,141290,0,2497,흰색,22500000,0,0,0,0,0,0,0,0,0,0,0,0,0,0,0,0,0,0,0,0,0,0,0,0
267,1,62,202521,0,2497,남색,12500000,0,0,0,0,0,0,1,0,1,0,0,1,0,0,0,0,0,0,0,0,0,0,0,0
268,1,153,247000,0,2497,회색,[계약,0,0,0,1,0,0,1,0,1,0,0,0,0,0,0,0,0,0,0,0,0,0,0,0
269,3,15,14000,0,2497,은색,78900000,0,0,0,0,0,0,0,0,0,0,0,0,0,0,0,0,0,0,0,0,0,0,0,0
270,3,49,94825,0,2497,남색,19500000,81,0,0,1,0,0,1,0,1,0,0,1,0,0,0,0,0,0,0,0,0,0,0,0
271,1,71,108135,0,2497,은색,15200000,0,0,0,1,0,0,1,0,1,0,0,1,2,0,0,0,0,3,0,3,0,0,0,0
272,3,32,13000,0,2497,흰색,70900000,0,0,0,1,0,0,1,0,1,0,0,0,0,0,0,0,0,0,0,0,0,0,0,0
273,3,41,134000,0,2497,노란색,16000000,64,0,0,1,1,1,1,1,1,0,1,1,0,0,0,0,0,0,0,0,0,0,0,0
274,1,105,137714,0,2497,회색,16990000,0,0,0,1,0,0,1,0,1,0,0,0,0,0,0,0,0,0,0,0,0,0,0,0
275,1,87,120886,0,2497,회색,9900000,51,0,0,0,0,0,0,0,0,0,0,1,2,0,0,0,0,0,0,0,0,0,0,0
276,1,134,165000,0,2497,은색,22000000,0,0,0,0,0,0,0,0,0,0,0,1,0,0,0,0,0,0,0,0,0,0,0,0
277,1,82,77718,0,2497,은색,14800000,0,0,0,1,0,0,1,0,1,0,1,1,0,0,0,0,0,0,0,0,0,0,0,0
278,3,31,9173,0,2497,흰색,83000000,0,0,0,1,0,0,1,0,1,0,0,0,0,0,0,0,0,0,0,0,0,0,0,0
279,1,124,67200,0,2497,노란색,9900000,0,0,0,1,0,0,1,0,1,0,0,0,0,0,0,0,0,0,0,0,0,0,0,0
280,1,100,111343,0,2497,검정투톤,13200000,0,0,0,1,0,0,1,0,1,0,0,0,0,0,0,0,0,0,0,0,0,0,0,0
281,1,99,134409,0,2497,흰색,12500000,58,0,0,1,0,0,0,0,0,0,0,0,0,0,0,0,0,0,0,0,0,0,0,0
282,1,204,131620,0,2476,은색투톤,5300000,29,0,0,1,0,0,0,0,0,0,0,0,0,0,0,0,0,0,0,0,0,0,0,0
283,1,73,82721,0,2497,노란색,15900000,0,1,0,1,0,0,1,0,1,0,0,0,0,0,0,0,0,0,0,0,0,0,0,0
284,1,186,161524,0,2497,은색투톤,4990000,26,0,0,1,0,0,1,0,1,0,0,0,0,0,0,0,0,0,0,0,0,0,0,0
285,2,91,70059,0,1685,흰색,13600000,46,0,1,1,1,0,1,0,1,0,1,1,1,0,0,0,0,0,0,0,0,0,0,0
286,2,47,19725,2,1999,흰색,22900000,87,0,0,1,0,1,1,0,1,0,1,1,1,0,0,0,0,2,0,0,0,1,60,100000
287,2,41,108105,2,1999,검정색,19900000,69,0,0,1,1,1,1,0,1,0,1,1,3,0,0,0,0,0,0,0,0,1,60,100000
288,2,55,28891,2,1999,흰색,21300000,86,0,1,1,0,0,1,0,1,0,1,0,0,0,0,0,0,0,0,0,0,1,60,100000
289,2,64,91473,1,1999,흰색,13000000,57,0,0,1,0,0,1,0,1,0,1,1,0,0,0,0,0,0,0,0,0,0,0,0
290,2,147,123288,1,1998,흰색,2700000,10,1,1,0,1,0,1,0,1,0,1,1,1,0,0,0,0,4,0,5,0,0,0,0
291,2,42,66805,2,1999,흰색,18190000,63,0,0,1,1,1,1,0,1,0,1,1,1,0,0,0,0,2,0,0,0,1,60,100000
292,2,47,104472,1,1999,진주색,13000000,60,0,0,1,0,0,1,0,0,0,0,1,0,0,0,0,0,0,0,0,0,1,60,100000
293,2,168,183316,1,1998,흰색,3990000,0,0,0,1,0,0,1,0,1,0,0,1,0,0,0,0,0,0,0,0,0,0,0,0
294,2,122,141689,2,1998,검정색,4900000,0,0,0,1,1,0,1,0,1,0,1,0,0,0,0,0,0,0,0,0,0,0,0,0
295,2,192,180787,1,1998,은색,2500000,0,0,0,1,0,0,1,0,1,0,0,1,1,0,0,0,0,3,0,0,0,0,0,0
296,2,146,87556,2,1998,회색,5700000,22,1,1,1,1,0,1,0,1,0,1,1,1,0,0,0,0,2,0,0,0,0,0,0
297,2,75,93260,1,1999,검정색,9500000,0,0,0,1,0,0,1,0,1,0,0,1,4,0,0,0,0,3,0,3,0,0,0,0
298,2,121,216461,1,1999,검정색,3700000,0,0,0,1,0,0,0,0,0,0,0,1,4,0,0,0,0,2,0,0,0,0,0,0
299,2,115,142650,1,1999,진주색,5900000,0,0,0,0,0,0,1,0,1,0,0,1,8,0,0,0,0,4,0,2,0,0,0,0
300,2,42,88373,1,1999,진회색,15990000,74,0,0,1,0,0,1,0,0,0,0,1,3,0,0,0,0,1,0,0,0,1,60,100000
301,2,125,127000,1,1999,흰색,6300000,0,1,1,1,0,0,1,0,1,0,0,1,3,0,0,0,0,5,0,3,0,0,0,0
302,2,132,110424,2,1999,흰색,5190000,21,1,1,1,1,0,1,0,1,0,1,1,0,0,0,0,0,0,0,0,0,0,0,0
303,2,96,120739,0,1685,흰색,9990000,36,1,1,1,1,0,1,0,1,0,1,1,3,0,0,0,0,1,0,1,0,0,0,0
304,2,133,151359,2,1998,흰색,9990000,37,0,0,0,0,0,0,0,0,0,0,1,0,0,0,0,0,4,0,3,0,0,0,0
305,2,91,70059,0,1685,흰색,13600000,46,0,1,1,1,0,1,0,1,0,1,1,1,0,0,0,0,0,0,0,0,0,0,0
306,2,47,19725,2,1999,흰색,22900000,87,0,0,1,0,1,1,0,1,0,1,1,1,0,0,0,0,2,0,0,0,1,60,100000
307,2,41,108105,2,1999,검정색,19900000,69,0,0,1,1,1,1,0,1,0,1,1,3,0,0,0,0,0,0,0,0,1,60,100000
308,2,55,28891,2,1999,흰색,21300000,86,0,1,1,0,0,1,0,1,0,1,0,0,0,0,0,0,0,0,0,0,1,60,100000
309,2,64,91473,1,1999,흰색,13000000,57,0,0,1,0,0,1,0,1,0,1,1,0,0,0,0,0,0,0,0,0,0,0,0
310,2,147,123288,1,1998,흰색,2700000,10,1,1,0,1,0,1,0,1,0,1,1,1,0,0,0,0,4,0,5,0,0,0,0
311,2,42,66805,2,1999,흰색,18190000,63,0,0,1,1,1,1,0,1,0,1,1,1,0,0,0,0,2,0,0,0,1,60,100000
312,2,47,104472,1,1999,진주색,13000000,60,0,0,1,0,0,1,0,0,0,0,1,0,0,0,0,0,0,0,0,0,1,60,100000
313,2,168,183316,1,1998,흰색,3990000,0,0,0,1,0,0,1,0,1,0,0,1,0,0,0,0,0,0,0,0,0,0,0,0
314,2,122,141689,2,1998,검정색,4900000,0,0,0,1,1,0,1,0,1,0,1,0,0,0,0,0,0,0,0,0,0,0,0,0
315,2,192,180787,1,1998,은색,2500000,0,0,0,1,0,0,1,0,1,0,0,1,1,0,0,0,0,3,0,0,0,0,0,0
316,2,146,87556,2,1998,회색,5700000,22,1,1,1,1,0,1,0,1,0,1,1,1,0,0,0,0,2,0,0,0,0,0,0
317,2,75,93260,1,1999,검정색,9500000,0,0,0,1,0,0,1,0,1,0,0,1,4,0,0,0,0,3,0,3,0,0,0,0
318,2,121,216461,1,1999,검정색,3700000,0,0,0,1,0,0,0,0,0,0,0,1,4,0,0,0,0,2,0,0,0,0,0,0
319,2,115,142650,1,1999,진주색,5900000,0,0,0,0,0,0,1,0,1,0,0,1,8,0,0,0,0,4,0,2,0,0,0,0
320,2,42,88373,1,1999,진회색,15990000,74,0,0,1,0,0,1,0,0,0,0,1,3,0,0,0,0,1,0,0,0,1,60,100000
321,2,125,127000,1,1999,흰색,6300000,0,1,1,1,0,0,1,0,1,0,0,1,3,0,0,0,0,5,0,3,0,0,0,0
322,2,132,110424,2,1999,흰색,5190000,21,1,1,1,1,0,1,0,1,0,1,1,0,0,0,0,0,0,0,0,0,0,0,0
323,2,96,120739,0,1685,흰색,9990000,36,1,1,1,1,0,1,0,1,0,1,1,3,0,0,0,0,1,0,1,0,0,0,0
324,2,133,151359,2,1998,흰색,9990000,37,0,0,0,0,0,0,0,0,0,0,1,0,0,0,0,0,4,0,3,0,0,0,0
325,2,91,70059,0,1685,흰색,13600000,46,0,1,1,1,0,1,0,1,0,1,1,1,0,0,0,0,0,0,0,0,0,0,0
326,2,47,19725,2,1999,흰색,22900000,87,0,0,1,0,1,1,0,1,0,1,1,1,0,0,0,0,2,0,0,0,1,60,100000
327,2,41,108105,2,1999,검정색,19900000,69,0,0,1,1,1,1,0,1,0,1,1,3,0,0,0,0,0,0,0,0,1,60,100000
328,2,55,28891,2,1999,흰색,21300000,86,0,1,1,0,0,1,0,1,0,1,0,0,0,0,0,0,0,0,0,0,1,60,100000
329,2,64,91473,1,1999,흰색,13000000,57,0,0,1,0,0,1,0,1,0,1,1,0,0,0,0,0,0,0,0,0,0,0,0
330,2,147,123288,1,1998,흰색,2700000,10,1,1,0,1,0,1,0,1,0,1,1,1,0,0,0,0,4,0,5,0,0,0,0
331,2,42,66805,2,1999,흰색,18190000,63,0,0,1,1,1,1,0,1,0,1,1,1,0,0,0,0,2,0,0,0,1,60,100000
332,2,47,104472,1,1999,진주색,13000000,60,0,0,1,0,0,1,0,0,0,0,1,0,0,0,0,0,0,0,0,0,1,60,100000
333,2,168,183316,1,1998,흰색,3990000,0,0,0,1,0,0,1,0,1,0,0,1,0,0,0,0,0,0,0,0,0,0,0,0
334,2,122,141689,2,1998,검정색,4900000,0,0,0,1,1,0,1,0,1,0,1,0,0,0,0,0,0,0,0,0,0,0,0,0
335,2,192,180787,1,1998,은색,2500000,0,0,0,1,0,0,1,0,1,0,0,1,1,0,0,0,0,3,0,0,0,0,0,0
336,2,146,87556,2,1998,회색,5700000,22,1,1,1,1,0,1,0,1,0,1,1,1,0,0,0,0,2,0,0,0,0,0,0
337,2,75,93260,1,1999,검정색,9500000,0,0,0,1,0,0,1,0,1,0,0,1,4,0,0,0,0,3,0,3,0,0,0,0
338,2,121,216461,1,1999,검정색,3700000,0,0,0,1,0,0,0,0,0,0,0,1,4,0,0,0,0,2,0,0,0,0,0,0
339,2,115,142650,1,1999,진주색,5900000,0,0,0,0,0,0,1,0,1,0,0,1,8,0,0,0,0,4,0,2,0,0,0,0
340,2,42,88373,1,1999,진회색,15990000,74,0,0,1,0,0,1,0,0,0,0,1,3,0,0,0,0,1,0,0,0,1,60,100000
341,2,125,127000,1,1999,흰색,6300000,0,1,1,1,0,0,1,0,1,0,0,1,3,0,0,0,0,5,0,3,0,0,0,0
342,2,132,110424,2,1999,흰색,5190000,21,1,1,1,1,0,1,0,1,0,1,1,0,0,0,0,0,0,0,0,0,0,0,0
343,2,96,120739,0,1685,흰색,9990000,36,1,1,1,1,0,1,0,1,0,1,1,3,0,0,0,0,1,0,1,0,0,0,0
344,2,133,151359,2,1998,흰색,9990000,37,0,0,0,0,0,0,0,0,0,0,1,0,0,0,0,0,4,0,3,0,0,0,0
345,2,91,70059,0,1685,흰색,13600000,46,0,1,1,1,0,1,0,1,0,1,1,1,0,0,0,0,0,0,0,0,0,0,0
346,2,47,19725,2,1999,흰색,22900000,87,0,0,1,0,1,1,0,1,0,1,1,1,0,0,0,0,2,0,0,0,1,60,100000
347,2,41,108105,2,1999,검정색,19900000,69,0,0,1,1,1,1,0,1,0,1,1,3,0,0,0,0,0,0,0,0,1,60,100000
348,2,55,28891,2,1999,흰색,21300000,86,0,1,1,0,0,1,0,1,0,1,0,0,0,0,0,0,0,0,0,0,1,60,100000
349,2,64,91473,1,1999,흰색,13000000,57,0,0,1,0,0,1,0,1,0,1,1,0,0,0,0,0,0,0,0,0,0,0,0
350,2,147,123288,1,1998,흰색,2700000,10,1,1,0,1,0,1,0,1,0,1,1,1,0,0,0,0,4,0,5,0,0,0,0
351,2,42,66805,2,1999,흰색,18190000,63,0,0,1,1,1,1,0,1,0,1,1,1,0,0,0,0,2,0,0,0,1,60,100000
352,2,47,104472,1,1999,진주색,13000000,60,0,0,1,0,0,1,0,0,0,0,1,0,0,0,0,0,0,0,0,0,1,60,100000
353,2,168,183316,1,1998,흰색,3990000,0,0,0,1,0,0,1,0,1,0,0,1,0,0,0,0,0,0,0,0,0,0,0,0
354,2,122,141689,2,1998,검정색,4900000,0,0,0,1,1,0,1,0,1,0,1,0,0,0,0,0,0,0,0,0,0,0,0,0
355,2,192,180787,1,1998,은색,2500000,0,0,0,1,0,0,1,0,1,0,0,1,1,0,0,0,0,3,0,0,0,0,0,0
356,2,146,87556,2,1998,회색,5700000,22,1,1,1,1,0,1,0,1,0,1,1,1,0,0,0,0,2,0,0,0,0,0,0
357,2,75,93260,1,1999,검정색,9500000,0,0,0,1,0,0,1,0,1,0,0,1,4,0,0,0,0,3,0,3,0,0,0,0
358,2,121,216461,1,1999,검정색,3700000,0,0,0,1,0,0,0,0,0,0,0,1,4,0,0,0,0,2,0,0,0,0,0,0
359,2,115,142650,1,1999,진주색,5900000,0,0,0,0,0,0,1,0,1,0,0,1,8,0,0,0,0,4,0,2,0,0,0,0
360,2,42,88373,1,1999,진회색,15990000,74,0,0,1,0,0,1,0,0,0,0,1,3,0,0,0,0,1,0,0,0,1,60,100000
361,2,125,127000,1,1999,흰색,6300000,0,1,1,1,0,0,1,0,1,0,0,1,3,0,0,0,0,5,0,3,0,0,0,0
362,2,132,110424,2,1999,흰색,5190000,21,1,1,1,1,0,1,0,1,0,1,1,0,0,0,0,0,0,0,0,0,0,0,0
363,2,96,120739,0,1685,흰색,9990000,36,1,1,1,1,0,1,0,1,0,1,1,3,0,0,0,0,1,0,1,0,0,0,0
364,2,133,151359,2,1998,흰색,9990000,37,0,0,0,0,0,0,0,0,0,0,1,0,0,0,0,0,4,0,3,0,0,0,0
365,2,91,70059,0,1685,흰색,13600000,46,0,1,1,1,0,1,0,1,0,1,1,1,0,0,0,0,0,0,0,0,0,0,0
366,2,47,19725,2,1999,흰색,22900000,87,0,0,1,0,1,1,0,1,0,1,1,1,0,0,0,0,2,0,0,0,1,60,100000
367,2,41,108105,2,1999,검정색,19900000,69,0,0,1,1,1,1,0,1,0,1,1,3,0,0,0,0,0,0,0,0,1,60,100000
368,2,55,28891,2,1999,흰색,21300000,86,0,1,1,0,0,1,0,1,0,1,0,0,0,0,0,0,0,0,0,0,1,60,100000
369,2,64,91473,1,1999,흰색,13000000,57,0,0,1,0,0,1,0,1,0,1,1,0,0,0,0,0,0,0,0,0,0,0,0
370,2,147,123288,1,1998,흰색,2700000,10,1,1,0,1,0,1,0,1,0,1,1,1,0,0,0,0,4,0,5,0,0,0,0
371,2,42,66805,2,1999,흰색,18190000,63,0,0,1,1,1,1,0,1,0,1,1,1,0,0,0,0,2,0,0,0,1,60,100000
372,2,47,104472,1,1999,진주색,13000000,60,0,0,1,0,0,1,0,0,0,0,1,0,0,0,0,0,0,0,0,0,1,60,100000
373,2,168,183316,1,1998,흰색,3990000,0,0,0,1,0,0,1,0,1,0,0,1,0,0,0,0,0,0,0,0,0,0,0,0
374,2,122,141689,2,1998,검정색,4900000,0,0,0,1,1,0,1,0,1,0,1,0,0,0,0,0,0,0,0,0,0,0,0,0
375,2,192,180787,1,1998,은색,2500000,0,0,0,1,0,0,1,0,1,0,0,1,1,0,0,0,0,3,0,0,0,0,0,0
376,2,146,87556,2,1998,회색,5700000,22,1,1,1,1,0,1,0,1,0,1,1,1,0,0,0,0,2,0,0,0,0,0,0
377,2,75,93260,1,1999,검정색,9500000,0,0,0,1,0,0,1,0,1,0,0,1,4,0,0,0,0,3,0,3,0,0,0,0
378,2,121,216461,1,1999,검정색,3700000,0,0,0,1,0,0,0,0,0,0,0,1,4,0,0,0,0,2,0,0,0,0,0,0
379,2,115,142650,1,1999,진주색,5900000,0,0,0,0,0,0,1,0,1,0,0,1,8,0,0,0,0,4,0,2,0,0,0,0
380,2,42,88373,1,1999,진회색,15990000,74,0,0,1,0,0,1,0,0,0,0,1,3,0,0,0,0,1,0,0,0,1,60,100000
381,2,125,127000,1,1999,흰색,6300000,0,1,1,1,0,0,1,0,1,0,0,1,3,0,0,0,0,5,0,3,0,0,0,0
382,2,132,110424,2,1999,흰색,5190000,21,1,1,1,1,0,1,0,1,0,1,1,0,0,0,0,0,0,0,0,0,0,0,0
383,2,96,120739,0,1685,흰색,9990000,36,1,1,1,1,0,1,0,1,0,1,1,3,0,0,0,0,1,0,1,0,0,0,0
384,2,133,151359,2,1998,흰색,9990000,37,0,0,0,0,0,0,0,0,0,0,1,0,0,0,0,0,4,0,3,0,0,0,0
